post_id,url,title,ai_model,author_name,author_url,author_avatar_url,original_post_url,image_urls,image_paths,prompt,published_date,original_language,category,source_category,likes_count,views_count,shares_count,comments_count,saved_count,cited_from,created_at
raw-realistic-amateur-photography-style-2549,https://youmind.com/vi-VN/prompts/raw-realistic-amateur-photography-style-2549,Phong cách Nhiếp ảnh Nghiệp dư Chân thực Thô mộc,GPT Image 1.5,Bearly AI,https://x.com/bearlyai,https://unavatar.io/x/bearlyai,https://x.com/bearlyai/status/2002121042631012802,"[""https://cms-assets.youmind.com/media/1766231584837_1bsplk_G8j2eJxXQAAQ1sY-900x917.jpg"", ""https://cms-assets.youmind.com/media/1766231585277_xjeph3_G8j2eLTWcAA5yNf-900x902.jpg""]","[""data\\images\\raw-realistic-amateur-photography-style-2549.jpg"", ""data\\images\\raw-realistic-amateur-photography-style-2549_2.jpg""]","Tỷ lệ khung hình 1:1

Ảnh chụp chân thực, tự nhiên, nghiệp dư, hậu cảnh rõ nét, nhiếp ảnh nghiệp dư, Chụp bằng Samsung Galaxy S21 Ultra, chụp ảnh điện thoại nghiệp dư, ống kính 24mm, f/8, Thực tế nhàm chán, đổ bóng mềm tự nhiên, ảnh chụp nhanh tự nhiên, ánh sáng tự nhiên phẳng, Chủ nghĩa hiện thực, độ tương phản thấp, cảm giác máy ảnh dùng một lần, nhiếp ảnh thông thường, hậu cảnh cũng hoàn toàn rõ nét, Những khuyết điểm nhỏ, vẻ đẹp hàng ngày, nhiễu JPEG nhẹ, vẻ ngoài không trau chuốt, chưa chỉnh sửa, ảnh nghiệp dư không hoàn hảo

chỉ tạo ra những hình ảnh chân thực, không hư cấu để đạt hiệu quả tối đa",2025-12-19T20:57:08.000Z,EN,"Bài đăng trên mạng xã hội, Nhiếp ảnh, Tóm tắt / Bối cảnh",gpt-1.5,20,14,0,3,34,https://youmind.com/vi-VN/prompts/image,2026-07-25T02:21:01.092912
photorealistic-full-body-portrait-of-woman-in-urban-setting-2877,https://youmind.com/vi-VN/prompts/photorealistic-full-body-portrait-of-woman-in-urban-setting-2877,Chân dung toàn thân sống động như thật của một người phụ nữ trong bối cảnh đô thị,GPT Image 1.5,KeorUnreal,https://x.com/KeorUnreal,https://unavatar.io/x/KeorUnreal,https://x.com/KeorUnreal/status/2002493715429175745,"[""https://cms-assets.youmind.com/media/1766388936092_r6iycc_G8pJapQWEAA8uQf.jpg""]","[""data\\images\\photorealistic-full-body-portrait-of-woman-in-urban-setting-2877.jpg""]","{
  ""prompt"": ""Chân dung toàn thân siêu thực của một phụ nữ trẻ tuyệt đẹp với làn da rám nắng màu ô liu, mái tóc dài gợn sóng màu nâu sẫm buông xõa qua vai, đôi mắt to biểu cảm màu tối với đường kẻ mắt cánh đậm, hàng mi dài và đôi môi hồng nude bóng bẩy, hơi hé mở đầy tự tin. Cô ấy đeo một sợi dây chuyền vàng mảnh với mặt dây chuyền nhỏ nằm gọn trong khe ngực sâu. Cô ấy mặc một chiếc váy áo phông màu nâu dáng rộng quá khổ với tay áo ngắn, vạt váy kết thúc cao trên đùi để lộ đôi chân săn chắc, chất liệu vải mềm mại ôm lấy những đường cong của cô ấy. Cô ấy đi chân trần với những ngón chân được chăm sóc hoàn hảo. Tư thế: ngồi trên một chiếc ghế gỗ trong bối cảnh công nghiệp đô thị, chân bắt chéo thanh lịch, một tay đặt trên lưng ghế, tay kia thư giãn bên cạnh, đầu hơi nghiêng với ánh nhìn quyến rũ trực tiếp vào máy ảnh. Cô ấy đi đôi giày cao gót đế xuồng màu đen buộc dây với mũi hở và nhiều dây quấn quanh mắt cá chân và bắp chân. Bối cảnh: nội thất bê tông tối giản với những cửa sổ lớn cho ánh sáng tự nhiên mềm mại chiếu vào, tạo ra những điểm nhấn vàng ấm áp và bóng đổ tinh tế trên làn da và chất liệu vải có kết cấu của chiếc váy. Kết cấu da siêu chi tiết với ánh sáng rám nắng chân thực, chi tiết giày buộc dây phức tạp, lấy nét sắc nét vào chủ thể, độ sâu trường ảnh điện ảnh với hiệu ứng làm mờ nền nhẹ nhàng, dải động cao, độ phân giải 8K, chủ nghĩa siêu thực, chất lượng kiệt tác.""
}",2025-12-20T21:38:00.000Z,EN,"Bài đăng trên mạng xã hội, Tiếp thị sản phẩm, Nhiếp ảnh, Người có ảnh hưởng / Người mẫu, Chân dung / Ảnh tự chụp, Mặt hàng thời trang",gpt-1.5,41,1,5,18,11,https://youmind.com/vi-VN/prompts/image,2026-07-25T02:20:53.704393
photorealistic-fashion-editorial-portrait-2880,https://youmind.com/vi-VN/prompts/photorealistic-fashion-editorial-portrait-2880,Chân dung biên tập thời trang siêu thực,GPT Image 1.5,Sienna,https://x.com/siennalovesai,https://unavatar.io/x/siennalovesai,https://x.com/siennalovesai/status/2002192027732136013,"[""https://cms-assets.youmind.com/media/1766388938203_al5mb9_G8k2shvWoAAZq6q.jpg""]","[""data\\images\\photorealistic-fashion-editorial-portrait-2880.jpg""]","```json
{
  ""prompt"": ""Chân dung biên tập thời trang siêu thực của một phụ nữ trẻ ở độ tuổi đầu 20 với làn da rám nắng ấm áp, không tì vết, mái tóc xoăn dài bồng bềnh màu nâu sẫm với những lọn tóc xoăn chặt và kết cấu xù tung chảy hoang dã qua vai và xuống lưng, khuôn mặt trái xoan với những đường nét mềm mại, đôi mắt màu hạt dẻ hình quả hạnh nhìn nghiêng với vẻ trầm tư thanh thản, lông mày cong, mũi thẳng nhỏ, đôi môi đầy đặn tự nhiên màu nude lì, gò má cao và đường quai hàm thanh tú, đứng ở tư thế ba phần tư quay sang trái với đầu hơi quay về phía máy ảnh, mặc một chiếc áo khoác sequin trắng lấp lánh quá khổ được bao phủ bởi những hạt sequin tròn lớn màu bạc phản chiếu ánh sáng ấn tượng, viền tua rua ở phía dưới, mặc bên trong quần jean denim cạp cao màu xanh nhạt, mang một chiếc túi đeo vai Gucci bằng da màu kem sang trọng với logo GG lồng vào nhau bằng kim loại vàng và dây xích vàng có thể tháo rời vắt chéo qua thân, thân hình đồng hồ cát thon gọn, khỏe khoắn với số đo ước tính 34-25-37 inch, vòng một C-cup nhỏ được tạo khối tinh tế dưới áo khoác, tổng chiều cao khoảng 5'9\"" để cân đối tỷ lệ, các chi tiết giải phẫu nâng cao bao gồm độ sâu ngực sagittal khoảng 5 inch từ xương ức đến đỉnh để tạo độ nhô nhẹ, độ sâu eo 4 inch ở rốn để tạo độ thon gọn, độ sâu hông 7 inch ở điểm rộng nhất để chuyển tiếp đường cong chữ S nữ tính mềm mại, chân và tay dài săn chắc không quá cơ bắp, không có hình xăm hoặc trang sức bổ sung, tư thế thư thái và thoải mái với một tay có thể đút túi và vai hơi chùng xuống tạo vẻ ngoài phóng khoáng, góc máy ảnh ngang tầm mắt với khung hình trung bình từ giữa đùi trở lên tập trung nổi bật vào phần thân trên, khuôn mặt, độ bồng bềnh của tóc, sequin và túi xách, bối cảnh là nội thất sang trọng ấm cúng với những bức tường ốp gỗ ấm áp, một chiếc đèn bàn gốm màu xanh mòng két cao với chao đèn xếp ly màu be trên một chiếc bàn phụ bằng kính tròn tạo ánh sáng vàng dịu, một chồng sách gần đó, phản chiếu gương tinh tế ở bên phải, ánh sáng môi trường ấm áp dịu nhẹ với những điểm nhấn nhẹ nhàng trên sequin, lọn tóc, túi da và làn da tạo ra những phản chiếu lấp lánh và bóng đổ tinh tế để tạo chiều sâu, hình ảnh siêu thực 8K độ phân giải cao với tiêu điểm sắc nét đến từng chi tiết khuôn mặt, kết cấu sequin, sợi tóc và độ bóng của da tạo nên một vẻ đẹp biên tập tinh tế, quyến rũ nhưng vẫn giản dị"",
  ""negative_prompt"": ""mờ, biến dạng, thừa chi, khuôn mặt vẽ kém, giải phẫu xấu, hình mờ, chữ, chữ ký, phơi sáng quá mức, phơi sáng thiếu, hoạt hình, minh họa, vẽ, anime, chất lượng thấp, lỗi hình ảnh, xấu xí, bàn tay biến dạng"",
  ""steps"": 50,
  ""sampler_name"": ""DPM++ 2M Karras"",
  ""cfg_scale"": 7,
  ""width"": 832,
  ""height"": 1216,
  ""seed"": -1,
  ""model"": ""realisticVisionV51""
}
```",2025-12-20T01:39:12.000Z,EN,"Bài đăng trên mạng xã hội, Tiếp thị sản phẩm, Nhiếp ảnh, Điện ảnh / Ảnh tĩnh từ phim, Chân dung / Ảnh tự chụp, Mặt hàng thời trang",gpt-1.5,47,1,4,8,27,https://youmind.com/vi-VN/prompts/image,2026-07-25T02:20:48.696175
philosophical-ai-reflection-painting-prompt-2881,https://youmind.com/vi-VN/prompts/philosophical-ai-reflection-painting-prompt-2881,Lời nhắc vẽ tranh phản ánh triết học về AI,GPT Image 1.5,石の裏に潜む黒いヤツ,https://x.com/dangomushino,https://unavatar.io/x/dangomushino,https://x.com/dangomushino/status/2002389299401277840,"[""https://cms-assets.youmind.com/media/1766388939192_lyls0i_G8nqTM0awAA0MpZ.jpg""]","[""data\\images\\philosophical-ai-reflection-painting-prompt-2881.jpg""]","Theo nghĩa triết học, đầu ra của AI là hình ảnh phản chiếu của đầu vào từ con người. Hãy vẽ một bức tranh minh họa câu này.",2025-12-20T14:43:06.000Z,JA,"Tranh Sơn Dầu, Tóm tắt / Bối cảnh",gpt-1.5,0,48,0,0,0,https://youmind.com/vi-VN/prompts/image,2026-07-25T02:20:43.820081
multiple-image-edits-and-text-replacement-2542,https://youmind.com/vi-VN/prompts/multiple-image-edits-and-text-replacement-2542,Chỉnh sửa nhiều hình ảnh và thay thế văn bản,GPT Image 1.5,ComfyUI,https://x.com/ComfyUI,https://unavatar.io/x/ComfyUI,https://x.com/ComfyUI/status/2002102578205863987,"[""https://cms-assets.youmind.com/media/1766231577666_gcsnd3_G8jlrnUbMAQwRfJ.jpg"", ""https://cms-assets.youmind.com/media/1766231578130_26gqnu_G8jlrv0akAALooL.jpg""]","[""data\\images\\multiple-image-edits-and-text-replacement-2542.jpg"", ""data\\images\\multiple-image-edits-and-text-replacement-2542_2.jpg""]","Thay thế văn bản ""Internet"" bằng ""GPT-IMAGE-1.5"". Thay thế tiêu đề phụ tiếng Nhật bằng ""Now Available on Comfy Cloud"" bằng tiếng Nhật. Không diễn giải các từ 'Comfy Cloud', đây là tên của một sản phẩm. Thay thế ""'83"" bằng ""'25"". Thay thế màn hình bằng giao diện dựa trên node. Cậu bé đang đối mặt với người xem và giơ ngón tay cái lên.",2025-12-19T19:43:46.000Z,EN,"Thiết kế ứng dụng / web, Cyberpunk / Khoa học viễn tưởng, Nhân vật, Văn bản / Kiểu chữ",gpt-1.5,2,163,0,1,0,https://youmind.com/vi-VN/prompts/image,2026-07-25T02:20:39.494012
mlk-i-have-a-dream-speech-scene-2876,https://youmind.com/vi-VN/prompts/mlk-i-have-a-dream-speech-scene-2876,"Cảnh diễn thuyết ""Tôi có một giấc mơ"" của MLK",GPT Image 1.5,DΞV,https://x.com/junwatu,https://unavatar.io/x/junwatu,https://x.com/junwatu/status/2002256902227394866,"[""https://cms-assets.youmind.com/media/1766388935453_0pnot3_G8lh312bMAEqidn-900x720.jpg""]","[""data\\images\\mlk-i-have-a-dream-speech-scene-2876.jpg""]","Bài phát biểu ""Tôi có một giấc mơ"" của MLK năm 1963, đám đông khổng lồ, Đài tưởng niệm Lincoln ở phía sau.",2025-12-20T05:57:00.000Z,EN,"Infographic / Hình ảnh giáo dục, Áp phích / Tờ rơi, Nhiếp ảnh, Nhóm / Cặp đôi, Kiến trúc / Nội thất",gpt-1.5,0,73,0,0,1,https://youmind.com/vi-VN/prompts/image,2026-07-25T02:20:34.552788
json-prompt-to-recreate-image-details-2868,https://youmind.com/vi-VN/prompts/json-prompt-to-recreate-image-details-2868,Lời nhắc JSON để tái tạo chi tiết hình ảnh,GPT Image 1.5,Sura Baghirova,https://x.com/surasb11,https://unavatar.io/x/surasb11,https://x.com/surasb11/status/2002458961564639473,"[""https://cms-assets.youmind.com/media/1766388928169_y9mogo_G8op0BxWQAA85uS-900x941.jpg""]","[""data\\images\\json-prompt-to-recreate-image-details-2868.jpg""]",Viết một lời nhắc JSON mô tả chính xác từng chi tiết của hình ảnh.,2025-12-20T19:19:54.000Z,EN,,gpt-1.5,1,148,0,1,0,https://youmind.com/vi-VN/prompts/image,2026-07-25T02:20:30.058275
hyperrealistic-dark-fantasy-mage-portrait-2872,https://youmind.com/vi-VN/prompts/hyperrealistic-dark-fantasy-mage-portrait-2872,Chân dung Pháp sư Hắc ám Kỳ ảo Siêu thực,GPT Image 1.5,Harboriis,https://x.com/harboriis,https://unavatar.io/x/harboriis,https://x.com/harboriis/status/2002280797315989960,"[""https://cms-assets.youmind.com/media/1766388931580_7pikfh_G8mHwwybMAIuG-c.jpg""]","[""data\\images\\hyperrealistic-dark-fantasy-mage-portrait-2872.jpg""]","Chân dung siêu thực, giả tưởng đen tối về một pháp sư trùm mũ bí ẩn đứng trong tuyết rơi, cùng một người (giữ nguyên khuôn mặt chính xác), ánh sáng xanh lạnh xung quanh, chi tiết bóng phức tạp trên khuôn mặt, quả cầu ma thuật phát sáng được giữ cẩn thận giữa các ngón tay, ánh sáng vàng dịu chiếu sáng đôi tay, hình xăm rune cổ xưa trên khắp khuôn mặt, những vết sẹo tinh tế, đôi mắt tập trung mãnh liệt, kết cấu mũ trùm đầu ướt ấn tượng với những bông tuyết đọng trên vải, áo giáp da tối màu rất chi tiết với các họa tiết chạm khắc và dây bện, độ sâu trường ảnh điện ảnh, sương mù khí quyển u ám, các hạt tuyết bay lơ lửng, kết cấu siêu chi tiết, đổ bóng da chân thực, nền tối huyền bí, độ phân giải 8k, nghệ thuật ý tưởng giả tưởng, phong cách Weta Digital, ánh sáng thể tích, hiệu ứng ánh sáng ma thuật thanh tao, biểu cảm mãnh liệt và bí ẩn đầy cảm xúc",2025-12-20T07:31:57.000Z,EN,"Tài sản trò chơi, Nhiếp ảnh, Minh họa, Nhân vật, Chân dung / Ảnh tự chụp",gpt-1.5,133,5,23,20,79,https://youmind.com/vi-VN/prompts/image,2026-07-25T02:20:26.059218
historical-event-image-generation-sam-altman-launching-yc-research-and-continuity-2863,https://youmind.com/vi-VN/prompts/historical-event-image-generation-sam-altman-launching-yc-research-and-continuity-2863,Tạo hình ảnh sự kiện lịch sử: Sam Altman ra mắt YC Research và Continuity,GPT Image 1.5,DΞV,https://x.com/junwatu,https://unavatar.io/x/junwatu,https://x.com/junwatu/status/2002260928813797600,"[""https://cms-assets.youmind.com/media/1766388925108_gkaovg_G8lmB-JbMAAUNQW-900x900.jpg""]","[""data\\images\\historical-event-image-generation-sam-altman-launching-yc-research-and-continuity-2863.jpg""]",Cho thấy Sam Altman vào năm 2015 ra mắt YC Research và YC Continuity.,2025-12-20T06:13:00.000Z,EN,"Infographic / Hình ảnh giáo dục, Minh họa, Chân dung / Ảnh tự chụp, Văn bản / Kiểu chữ",gpt-1.5,0,49,0,0,1,https://youmind.com/vi-VN/prompts/image,2026-07-25T02:20:21.355922
grok-imagine-prompt-based-on-a-photo-2869,https://youmind.com/vi-VN/prompts/grok-imagine-prompt-based-on-a-photo-2869,Grok: Đề xuất Lời nhắc dựa trên Ảnh,GPT Image 1.5,Five,https://x.com/Five69,https://unavatar.io/x/Five69,https://x.com/Five69/status/2002451024922231197,"[""https://cms-assets.youmind.com/media/1766388928667_j37h8l_G8oil4eXoAAzdoU-900x900.jpg""]","[""data\\images\\grok-imagine-prompt-based-on-a-photo-2869.jpg""]",ảnh này + lời nhắc tưởng tượng của Grok,2025-12-20T18:48:22.000Z,EN,,gpt-1.5,5,56,1,3,0,https://youmind.com/vi-VN/prompts/image,2026-07-25T02:20:16.818125
gpt-image-1-5-style-description-for-90s-film-aesthetic-2550,https://youmind.com/vi-VN/prompts/gpt-image-1-5-style-description-for-90s-film-aesthetic-2550,Mô tả phong cách GPT Image 1.5 cho thẩm mỹ phim thập niên 90,GPT Image 1.5,ふうこい,https://x.com/koishita_dan,https://unavatar.io/x/koishita_dan,https://x.com/koishita_dan/status/2002067995250864304,"[""https://cms-assets.youmind.com/media/1766231586172_klag99_G8jGOqpaAAAVTM6-900x720.jpg""]","[""data\\images\\gpt-image-1-5-style-description-for-90s-film-aesthetic-2550.jpg""]","Trong khi vẫn giữ tâm trạng và kết cấu suy đồi đặc trưng của các bộ phim thập niên 90, hãy tái tạo lại các nhân vật sao cho chân thực.",2025-12-19T17:26:21.000Z,JA,"Điện ảnh / Ảnh tĩnh từ phim, Cổ điển / Cổ điển, Chân dung / Ảnh tự chụp",gpt-1.5,0,21,0,0,0,https://youmind.com/vi-VN/prompts/image,2026-07-25T02:20:12.791383
gpt-image-1-5-multi-image-consistency-prompt-2882,https://youmind.com/vi-VN/prompts/gpt-image-1-5-multi-image-consistency-prompt-2882,Lời nhắc nhất quán đa hình ảnh GPT Image 1.5,GPT Image 1.5,Yasin Ertan,https://x.com/ysnverse,https://unavatar.io/x/ysnverse,https://x.com/ysnverse/status/2002352866116485137,"[""https://cms-assets.youmind.com/media/1782896732498_x4pnxm_Weixin_Image_20260701165925_729_34-900x506.png"", ""https://cms-assets.youmind.com/media/1766117316953_lu715l_G8buTauaYAAbW1-.jpg"", ""https://cms-assets.youmind.com/media/1766035335635_5863ub_G8VyfikbAAEQl9D.jpg"", ""https://cms-assets.youmind.com/media/1766231578095_dfti72_G8fXIWfakAcJaVR-900x900.jpg"", ""https://cms-assets.youmind.com/media/1766035335941_5b0wjd_G8VId0sa4AA67ZN-900x900.jpg"", ""https://cms-assets.youmind.com/media/1766231604369_ekgjs8_G8ftuYvaUAAOJU2.jpg"", ""https://cms-assets.youmind.com/media/1766231592930_q2refo_G8gYxAjawAE1oc3.jpg""]","[""data\\images\\gpt-image-1-5-multi-image-consistency-prompt-2882.png"", ""data\\images\\gpt-image-1-5-multi-image-consistency-prompt-2882_2.jpg"", ""data\\images\\gpt-image-1-5-multi-image-consistency-prompt-2882_3.jpg"", ""data\\images\\gpt-image-1-5-multi-image-consistency-prompt-2882_4.jpg"", ""data\\images\\gpt-image-1-5-multi-image-consistency-prompt-2882_5.jpg"", ""data\\images\\gpt-image-1-5-multi-image-consistency-prompt-2882_6.jpg"", ""data\\images\\gpt-image-1-5-multi-image-consistency-prompt-2882_7.jpg""]","đưa ra lệnh cấu trúc cho mô hình: ""Mặc đồ cho người này"" bằng cách sử dụng 6 hình ảnh tham chiếu riêng biệt (áo sơ mi, túi xách, phụ kiện).",2025-12-20T12:18:19.000Z,EN,,gpt-1.5,6,36,0,0,0,https://youmind.com/vi-VN/prompts/image,2026-07-25T02:20:08.499049
german-alphabet-animal-poster-2313,https://youmind.com/vi-VN/prompts/german-alphabet-animal-poster-2313,Áp phích bảng chữ cái tiếng Đức cho trẻ em,GPT Image 1.5,smn Sk,https://x.com/smnSk241687,https://unavatar.io/x/smnSk241687,https://x.com/smnSk241687/status/2001293727227105678,"[""https://cms-assets.youmind.com/media/1766035315861_c6ampx_G8YDG9MXUAAoUJV.jpg"", ""https://cms-assets.youmind.com/media/1766035315879_oj5d3c_G8YDG9TWAAAYDlE.jpg""]","[""data\\images\\german-alphabet-animal-poster-2313.jpg"", ""data\\images\\german-alphabet-animal-poster-2313_2.jpg""]","Một áp phích có tất cả các chữ cái trong bảng chữ cái từ A đến Z. Dưới mỗi chữ cái là một con vật có tên bắt đầu bằng chữ cái đó. Tên của con vật được viết bên dưới. Phong cách: vẽ dễ thương, kiểu truyện tranh. Đây là một áp phích mà trẻ em có thể dùng để học bảng chữ cái.",2025-12-17T14:09:41.000Z,EN,"Áp phích / Tờ rơi, Minh họa, Văn bản / Kiểu chữ, Động vật / Sinh vật",gpt-1.5,3,114,1,0,0,https://youmind.com/vi-VN/prompts/image,2026-07-25T02:20:03.267557
flat-vector-woman-working-laptop-2311,https://youmind.com/vi-VN/prompts/flat-vector-woman-working-laptop-2311,Hình minh họa vector phẳng về một người phụ nữ đang làm việc,GPT Image 1.5,PromptlyAI,https://x.com/PromptlyAI_YT,https://unavatar.io/x/PromptlyAI_YT,https://x.com/PromptlyAI_YT/status/2001303013567181294,"[""https://cms-assets.youmind.com/media/1766035313081_ppl256_G8YOe_hXEAAk25v-900x600.jpg""]","[""data\\images\\flat-vector-woman-working-laptop-2311.jpg""]",Hình minh họa vector phẳng một người phụ nữ tóc vàng đang ngồi làm việc trên máy tính xách tay tại bàn làm việc.,2025-12-17T14:46:35.000Z,EN,"Thiết kế ứng dụng / web, Minh họa, Chân dung / Ảnh tự chụp",gpt-1.5,1,70,0,0,0,https://youmind.com/vi-VN/prompts/image,2026-07-25T02:19:58.757194
festive-wallpaper-prompt-2552,https://youmind.com/vi-VN/prompts/festive-wallpaper-prompt-2552,Gợi ý hình nền lễ hội,GPT Image 1.5,Viki,https://x.com/churvikv,https://unavatar.io/x/churvikv,https://x.com/churvikv/status/2002093738122965442,"[""https://cms-assets.youmind.com/media/1766231589093_faay77_G8jbKWyXIAAf1mT.jpg"", ""https://cms-assets.youmind.com/media/1766231589446_qb929e_G8jbPDcWYAAO8Rm.jpg""]","[""data\\images\\festive-wallpaper-prompt-2552.jpg"", ""data\\images\\festive-wallpaper-prompt-2552_2.jpg""]","Màu sắc tươi sáng, rực rỡ tạo nên không khí lễ hội, tưng bừng 🎅",2025-12-19T19:08:38.000Z,EN,,gpt-1.5,65,2,16,17,13,https://youmind.com/vi-VN/prompts/image,2026-07-25T02:19:54.541942
cozy-cinematic-lifestyle-photo-series-of-a-woman-in-a-sunlit-kitchen-2864,https://youmind.com/vi-VN/prompts/cozy-cinematic-lifestyle-photo-series-of-a-woman-in-a-sunlit-kitchen-2864,Loạt ảnh phong cách sống điện ảnh ấm cúng về một người phụ nữ trong căn bếp tràn ngập ánh nắng,GPT Image 1.5,Smiling Khan,https://x.com/AIwithkhan,https://unavatar.io/x/AIwithkhan,https://x.com/AIwithkhan/status/2002450998208704590,"[""https://cms-assets.youmind.com/media/1766388925213_1pgmrf_G8oikfuaMAAt6jL-900x600.jpg""]","[""data\\images\\cozy-cinematic-lifestyle-photo-series-of-a-woman-in-a-sunlit-kitchen-2864.jpg""]","Một loạt ảnh phong cách điện ảnh ấm cúng được chụp dưới dạng lưới đa khung, thể hiện một phụ nữ trẻ trong căn bếp ấm áp, ngập nắng trong khoảnh khắc uống trà yên tĩnh. Cô ấy mặc một chiếc váy không tay màu hồng phấn mềm mại, ngồi tại một chiếc bàn tròn nhỏ bằng gỗ cạnh cửa sổ. Ánh sáng tự nhiên buổi sáng tràn vào, tạo ra những điểm sáng nhẹ nhàng và bóng đổ mềm mại. Chuỗi ảnh bao gồm cận cảnh cô ấy nhấp trà từ một tách trà hoa tinh xảo, những bức ảnh chụp qua vai trong một cuộc trò chuyện bình tĩnh, những bức ảnh chụp từ trên xuống bộ ấm trà trên một tấm lót dệt, các góc nghiêng và những biểu cảm chân thực tinh tế. Căn bếp tông màu kem trung tính với những dụng cụ nấu ăn bằng đồng treo lơ lửng ở phía sau. Tâm trạng thân mật, yên bình, độ sâu trường ảnh nông, độ mềm mại như phim, phong cách kể chuyện biên tập, kết cấu da chân thực, tông màu ấm áp, bố cục tối giản, chủ nghĩa hiện thực điện ảnh chi tiết cao.",2025-12-20T18:48:16.000Z,EN,"Bài đăng trên mạng xã hội, Nhiếp ảnh, Điện ảnh / Ảnh tĩnh từ phim, Chân dung / Ảnh tự chụp, Nhóm / Cặp đôi, Thực phẩm / Đồ uống",gpt-1.5,24,669,1,12,5,https://youmind.com/vi-VN/prompts/image,2026-07-25T02:19:50.196732
complex-four-quadrant-paper-world-composite-prompt-2878,https://youmind.com/vi-VN/prompts/complex-four-quadrant-paper-world-composite-prompt-2878,Lời nhắc tổng hợp thế giới giấy bốn góc phần tư phức tạp,GPT Image 1.5,两斤,https://x.com/0x00_Krypt,https://unavatar.io/x/0x00_Krypt,https://x.com/0x00_Krypt/status/2002320422046724291,"[""https://cms-assets.youmind.com/media/1766388936642_5v3x64_G8mrrT_bMAYf-5t-900x503.jpg""]","[""data\\images\\complex-four-quadrant-paper-world-composite-prompt-2878.jpg""]","Một hình ảnh tổng hợp toàn khung hình 16:9 liền mạch được chia thành bốn góc phần tư riêng biệt. **QUAN TRỌNG:** Bốn phần tiếp xúc trực tiếp với nhau. KHÔNG CÓ NỀN XÁM. KHÔNG CÓ VIỀN. KHÔNG CÓ KHOẢNG CÁCH. Hình ảnh được lấp đầy từ cạnh này sang cạnh khác với các chi tiết giấy.

**Bố cục:** Chế độ xem chia đôi màn hình nhìn sâu vào bốn thế giới giấy khác nhau.

1) **Trên cùng bên trái (Luckin):** Một cái nhìn rộng về khu rừng giấy huyền ảo. Những đám mây giấy màu xanh và trắng cùng những chiếc lá cà phê lấp đầy hoàn toàn góc phần tư. Một con nai sừng tấm bằng giấy màu trắng nhảy xuyên qua khu rừng rậm rạp.
2) **Trên cùng bên phải (Google):** Một cái nhìn rộng về **""Hang động giấy"" theo phong cách bản đồ địa hình**. Logo ""G"" được tạo thành từ **hàng trăm tờ giấy mỏng** màu Xanh lam, Đỏ, Vàng và Xanh lục được xếp chồng lên nhau theo chiều ngang. Nó trông giống như một hẻm núi trầm tích hoặc một bản đồ đường đồng mức. Có thể nhìn thấy các sợi giấy và các cạnh cắt sắc nét. KHÔNG có độ mịn của nhựa.
3) **Dưới cùng bên trái (Coke):** Một cái nhìn rộng về vụ nổ giấy màu đỏ. Chai Coke là một **Hình bóng không gian âm**—một lỗ sâu được cắt xuyên qua các lớp giấy đỏ dày đặc. Những dải ruy băng giấy màu trắng trải dài qua khoảng trống.
4) **Dưới cùng bên phải (McDonald's):** Một cái nhìn rộng về một thành phố giấy màu vàng. Các dải giấy màu vàng dọc (khoai tây chiên) đứng dày đặc lấp đầy khung hình. Các mái vòm vàng (Golden Arches) vươn lên từ sâu bên trong các lớp.

**Chất liệu chung:** Tất cả đều là giấy bìa cứng mờ.
**Ánh sáng:** Ánh sáng studio mềm mại, đều, làm nổi bật độ sâu của các vết cắt giấy.
**Công nghệ:** Octane render, 8k, --ar 16:9 --stylize 400 --no borders, frames, background wall, isolated objects, 3d plastic, seamless texture",2025-12-20T10:09:24.000Z,EN,"Tiếp thị sản phẩm, Kết xuất 3D, Minh họa, Tóm tắt / Bối cảnh, Sơ đồ / Biểu đồ",gpt-1.5,78,10,25,7,91,https://youmind.com/vi-VN/prompts/image,2026-07-25T02:19:45.538943
cinematic-winter-fashion-portrait-on-a-mountain-peak-2867,https://youmind.com/vi-VN/prompts/cinematic-winter-fashion-portrait-on-a-mountain-peak-2867,Chân dung thời trang mùa đông điện ảnh trên đỉnh núi,GPT Image 1.5,Smiling Khan,https://x.com/AIwithkhan,https://unavatar.io/x/AIwithkhan,https://x.com/AIwithkhan/status/2002391950658580520,"[""https://cms-assets.youmind.com/media/1766388927467_ud9jd4_G8ns3eZa8AAFH3J.jpg""]","[""data\\images\\cinematic-winter-fashion-portrait-on-a-mountain-peak-2867.jpg""]","Một bức chân dung thời trang mùa đông đậm chất điện ảnh về một phụ nữ trẻ sành điệu đang ngồi trên đỉnh núi phủ tuyết, xung quanh là những dãy núi cao hùng vĩ dưới bầu trời hoàng hôn vàng dịu. Cô ấy mặc một chiếc áo khoác phao màu hồng pastel khoác ngoài áo khoác lông cừu họa tiết trái tim, quần jean denim tối màu thêu họa tiết hổ nổi bật, kính râm màu vàng cổ điển, găng tay da nâu và giày thể thao nhiều màu sắc. Một chiếc mũ len màu vàng vui nhộn với hình mặt người tạo thêm nét pop-art. Bên cạnh cô là một máy cassette di động màu hồng cổ điển đặt trên tuyết, tạo thêm nét quyến rũ hoài cổ. Tư thế tự tin thư thái, nhìn về phía xa, gió nhẹ nhàng làm tóc cô bay. Google Gemini siêu thực, chi tiết sắc nét, nhiếp ảnh thời trang biên tập, tông màu lạnh tự nhiên cân bằng với ánh nắng ấm áp, độ sâu trường ảnh nông, bố cục điện ảnh, độ phân giải cao, thẩm mỹ phong cách sống kết hợp phiêu lưu.",2025-12-20T14:53:38.000Z,EN,"Bài đăng trên mạng xã hội, Tiếp thị sản phẩm, Nhiếp ảnh, Người có ảnh hưởng / Người mẫu, Mặt hàng thời trang, Phong cảnh / Thiên nhiên",gpt-1.5,52,1,15,23,14,https://youmind.com/vi-VN/prompts/image,2026-07-25T02:19:40.920803
christmas-wreath-generation-2879,https://youmind.com/vi-VN/prompts/christmas-wreath-generation-2879,Tạo Vòng Hoa Giáng Sinh,GPT Image 1.5,カーブミラー,https://x.com/kabumira862571,https://unavatar.io/x/kabumira862571,https://x.com/kabumira862571/status/2002524462739276233,"[""https://cms-assets.youmind.com/media/1766388937874_eg2zj4_G8plYZsbwAAHbbV.jpg""]","[""data\\images\\christmas-wreath-generation-2879.jpg""]",Một vòng hoa Giáng Sinh như thế này đã được trưng bày ở lối vào.,2025-12-20T23:40:11.000Z,JA,"Bài đăng trên mạng xã hội, Nhiếp ảnh, Tóm tắt / Bối cảnh",gpt-1.5,28,121,2,1,0,https://youmind.com/vi-VN/prompts/image,2026-07-25T02:19:36.030767
character-visual-update-while-preserving-original-atmosphere-2561,https://youmind.com/vi-VN/prompts/character-visual-update-while-preserving-original-atmosphere-2561,Cập nhật hình ảnh nhân vật nhưng vẫn giữ nguyên không khí ban đầu,GPT Image 1.5,ふうこい,https://x.com/koishita_dan,https://unavatar.io/x/koishita_dan,https://x.com/koishita_dan/status/2002063444032512222,"[""https://cms-assets.youmind.com/media/1766231603946_fjhila_G8jCFumbMAU98mt-900x720.jpg""]","[""data\\images\\character-visual-update-while-preserving-original-atmosphere-2561.jpg""]","Thay đổi nhân vật thành một ""hình ảnh chân thực hơn"" trong khi vẫn giữ nguyên không khí của tác phẩm gốc.",2025-12-19T17:08:16.000Z,JA,"Nhiếp ảnh, Điện ảnh / Ảnh tĩnh từ phim, Nhân vật",gpt-1.5,0,23,0,0,0,https://youmind.com/vi-VN/prompts/image,2026-07-25T02:19:31.593611
